split,model,accuracy,precision,recall,f1,max_depth,min_samples_leaf,TN,FP,FN,TP
1,Decision Tree,0.8855893605392603,0.3870967741935484,0.006393180607352157,0.012578616352201259,5.0,1,14571,19,1865,12
2,Decision Tree,0.8863332116344165,0.5882352941176471,0.010672358591248666,0.020964360587002098,5.0,1,14546,14,1854,20
3,Decision Tree,0.8864911523521796,0.37735849056603776,0.010940919037199124,0.02126528442317916,5.0,1,14358,33,1808,20
1,Decision Tree,0.8857715430861723,0.4090909090909091,0.004794885455514118,0.009478672985781991,5.0,10,14577,13,1868,9
2,Decision Tree,0.8862115127175368,0.5555555555555556,0.010672358591248666,0.020942408376963352,5.0,10,14544,16,1854,20
3,Decision Tree,0.8862445280226895,0.373134328358209,0.013676148796498906,0.026385224274406333,5.0,10,14349,42,1803,25
1,Decision Tree,0.8823100746948442,0.28368794326241137,0.021310602024507193,0.03964321110009911,10.0,1,14489,101,1837,40
2,Decision Tree,0.8848728246318608,0.4451219512195122,0.03895410885805763,0.07163886162904809,10.0,1,14469,91,1801,73
3,Decision Tree,0.885258030704729,0.381294964028777,0.02899343544857768,0.05388917132689375,10.0,1,14305,86,1775,53
1,Decision Tree,0.8829173498512176,0.3473053892215569,0.03090037293553543,0.05675146771037182,10.0,10,14481,109,1819,58
2,Decision Tree,0.8849945235487404,0.4393939393939394,0.030949839914621132,0.05782652043868395,10.0,10,14486,74,1816,58
3,Decision Tree,0.8847031259633763,0.37790697674418605,0.03555798687089715,0.065,10.0,10,14284,107,1763,65
1,Decision Tree,0.8133843444464687,0.15151515151515152,0.13851891315929676,0.14472585583078207,,1,13134,1456,1617,260
2,Decision Tree,0.8225629791894852,0.19208037825059102,0.1734258271077908,0.18227706113292205,,1,13193,1367,1549,325
3,Decision Tree,0.8197792712251064,0.15972653822249844,0.14059080962800874,0.14954902531277275,,1,13039,1352,1571,257
1,Decision Tree,0.8693751138640918,0.2490842490842491,0.07245604688332445,0.11225753198514239,,10,14180,410,1741,136
2,Decision Tree,0.8730071802360959,0.2709677419354839,0.0672358591248666,0.10773834972210346,,10,14221,339,1748,126
3,Decision Tree,0.86965904186448,0.23905109489051096,0.07166301969365427,0.11026936026936027,,10,13974,417,1697,131
