split,threshold,precision,recall,f1,TN,FP,FN,TP
1,0.1,0.1618838390773033,0.6281299946723495,0.2574235807860262,8486,6104,698,1179
1,0.2,0.2536613942589338,0.23068726691529035,0.24162946428571427,13316,1274,1444,433
1,0.3,0.3321100917431193,0.09643047416089505,0.1494632535094963,14226,364,1696,181
1,0.5,0.5420560747663551,0.03090037293553543,0.05846774193548387,14541,49,1819,58
2,0.1,0.16374589266155531,0.6382070437566703,0.26062322946175637,8452,6108,678,1196
2,0.2,0.2528672856362643,0.24706510138740662,0.24993252361673415,13192,1368,1411,463
2,0.3,0.3387358184764992,0.11152614727854857,0.16780409474106783,14152,408,1665,209
2,0.5,0.49504950495049505,0.026680896478121666,0.05063291139240506,14509,51,1824,50
3,0.1,0.16289912404634077,0.6307439824945296,0.25892656635975747,8466,5925,675,1153
3,0.2,0.24612523248605084,0.21717724288840262,0.23074687590816623,13175,1216,1431,397
3,0.3,0.322,0.08807439824945296,0.13831615120274915,14052,339,1667,161
3,0.5,0.43859649122807015,0.013676148796498906,0.026525198938992044,14359,32,1803,25
